Modelo,MAE,RMSE,MAPE_%
ARIMA,324.7123759922265,373.9909112649652,2.6380526158740656
VAR,397.89797006424516,453.55621371418675,3.644226028027912
