MAE,RMSE,MAPE
320.8949549634778,409.3245915529724,2.5516752904510294
