MAE,RMSE,MAPE
397.89797006424516,453.55621371418675,3.644226028027912
