Modelo,MAE,RMSE,MAPE
ARIMA,324.7123759922265,373.9909112649652,2.6380526158740656
VAR,397.8979700642452,453.5562137141868,3.644226028027912
XGBOOST,574.0773665364583,877.1690428043997,6.105767131466133
