Modelo,MAE,RMSE,MAPE
ARIMA,324.712376,373.990911,2.638053
VAR,397.897970,453.556214,3.644226
XGBOOST,574.077367,877.169043,6.105767
LASSO,320.894955,409.324592,2.551675
