MAE,RMSE,MAPE
277.52864136789975,340.4535115614509,2.309793016344834
