MAE,RMSE,MAPE
324.71237599222655,373.99091126496523,2.6380526158740656
