MAE,RMSE,MAPE
345.08701568733494,463.8347645646618,3.255234697204929
