Modelo,MAE,RMSE,MAPE_%
ARIMA,324.7123759922265,373.9909112649652,2.6380526158740656
VAR,345.08701568733494,463.8347645646618,3.255234697204929
