MAE,RMSE,MAPE
574.0773665364583,877.1690428043997,6.105767131466133
